0,code,name,regn,water,protcnt,ash,fatce,fibtg,fibins,fibsol,choavldf,enerc
0,A001,"Amaranth seed, black (Amaranthus cruentus)",1,9.89,14.59,2.78,5.74,7.02,5.76,1.26,59.98,1490
1,A002,"Amaranth seed, pale brown (Amaranthus cruentus)",6,9.20,13.27,3.05,5.56,7.47,5.80,1.67,61.46,1489
2,A003,Bajra (Pennisetum typhoideum),6,8.97,10.96,1.37,5.43,11.49,9.14,2.34,61.78,1456
3,A004,Barley (Hordeum vulgare),6,9.77,10.94,1.06,1.30,15.64,9.98,5.66,61.29,1321
4,A005,Jowar (Sorghum vulgare),6,9.01,9.97,1.39,1.73,10.22,8.49,1.73,67.68,1398
5,A006,"Maize, dry (Zea mays)",6,9.26,8.80,1.17,3.77,12.24,11.29,0.94,64.77,1398
6,A007,"Maize, tender, local (Zea mays)",6,68.29,3.57,0.38,1.40,3.67,3.23,0.43,22.69,502
7,A008,"Maize, tender, sweet (Zea mays)",4,74.40,4.16,0.36,1.35,3.30,2.71,0.59,16.42,405
8,A009,Quinoa (Chenopodium quinoa),1,10.43,13.11,2.65,5.50,14.66,10.21,4.46,53.65,1374
9,A010,Ragi (Eleusine coracana),5,10.89,7.16,2.04,1.92,11.18,9.51,1.67,66.82,1342
10,A011,Rice flakes (Oryza sativa),6,10.36,7.44,0.85,1.14,3.46,2.65,0.81,76.75,1480
11,A012,Rice puffed (Oryza sativa ),6,9.40,7.47,1.28,1.62,2.56,1.76,0.80,77.68,1514
12,A013,"Rice, raw, brown (Oryza sativa )",6,9.33,9.16,1.04,1.24,4.43,3.60,0.82,74.80,1480
13,A014,"Rice, parboiled, milled (Oryza sativa )",6,10.09,7.81,0.65,0.55,3.74,2.98,0.76,77.16,1471
14,A015,"Rice, raw, milled (Oryza sativa )",6,9.93,7.94,0.56,0.52,2.81,1.99,0.82,78.24,1491
15,A016,Samai (Panicum miliare),6,11.36,10.13,1.34,3.89,7.72,5.45,2.27,65.55,1449
16,A017,Varagu (Setaria italica),5,14.23,8.92,1.72,2.55,6.39,4.29,2.11,66.19,1388
17,A018,"Wheat flour, refined (Triticum aestivum)",6,11.34,10.36,0.51,0.76,2.76,2.14,0.62,74.27,1472
18,A019,"Wheat flour, atta (Triticum aestivum)",6,11.10,10.57,1.28,1.53,11.36,9.73,1.63,64.17,1340
19,A020,"Wheat, whole (Triticum aestivum)",6,10.58,10.59,1.42,1.47,11.23,9.63,1.60,64.72,1347
20,A021,"Wheat, bulgur (Triticum aestivum)",6,8.61,10.84,1.23,1.45,8.81,6.56,2.25,69.06,1430
21,A022,"Wheat, semolina (Triticum aestivum)",6,8.94,11.38,0.80,0.74,9.72,8.16,1.55,68.43,1396
22,A023,"Wheat, vermicelli (Triticum aestivum)",6,9.59,9.70,0.60,0.45,9.28,7.53,1.75,70.39,1392
23,A024,"Wheat, vermicelli, roasted (Triticum aestivum)",6,7.61,10.37,0.56,0.49,9.55,7.79,1.76,71.42,1423
24,B001,"Bengal gram, dal (Cicer arietinum)",6,9.18,21.55,2.10,5.31,15.15,12.67,2.48,46.72,1377
25,B002,"Bengal gram, whole (Cicer arietinum)",6,8.56,18.77,2.78,5.11,25.22,22.70,2.52,39.56,1201
26,B003,"Black gram, dal (Phaseolus mungo)",6,9.16,23.06,3.17,1.69,11.93,7.58,4.35,51.00,1356
27,B004,"Black gram, whole (Phaseolus mungo)",6,8.70,21.97,3.35,1.58,20.41,15.47,4.94,43.99,1219
28,B005,"Cowpea, brown (Vigna catjang)",6,9.42,20.36,2.90,1.15,11.54,8.75,2.80,54.62,1340
29,B006,"Cowpea, white (Vigna catjang)",1,9.32,21.25,2.83,1.14,11.70,8.91,2.79,53.77,1340
30,B007,"Field bean, black (Phaseolus vulgaris)",1,9.57,19.93,2.73,0.92,23.40,17.99,5.41,43.46,1155
31,B008,"Field bean, brown (Phaseolus vulgaris)",1,8.74,19.90,2.74,0.98,22.40,17.32,5.08,45.24,1184
32,B009,"Field bean, white (Phaseolus vulgaris)",5,8.61,19.84,3.09,0.94,22.99,17.45,5.54,44.53,1173
33,B010,"Green gram, dal (Phaseolus aureus)",6,9.77,23.88,3.04,1.35,9.37,7.75,1.62,52.59,1363
34,B011,"Green gram, whole (Phaseolus aureus)",6,9.95,22.53,3.22,1.14,17.04,14.59,2.44,46.13,1229
35,B012,"Horse gram, whole (Dolicus biflorus)",6,9.28,21.73,3.24,0.62,7.88,6.22,1.66,57.24,1379
36,B013,Lentil dal (Lens culinaris),6,9.71,24.35,2.23,0.75,10.43,8.60,1.83,52.53,1349
37,B014,"Lentil whole, brown (Lens culinaris)",6,9.20,22.49,2.39,0.64,16.82,14.16,2.66,48.47,1251
38,B015,"Lentil whole, yellowish (Lens culinaris)",2,9.75,22.87,2.20,0.61,16.66,14.15,2.51,47.91,1246
39,B016,Moth bean (Vigna aconitifolia),6,8.14,19.75,3.14,1.76,15.12,14.50,0.62,52.09,1291
40,B017,"Peas, dry (Pisum sativum)",6,9.33,20.43,2.41,1.89,17.01,14.55,2.47,48.93,1269
41,B018,"Rajmah, black (Phaseolus vulgaris)",2,8.69,19.01,3.35,1.62,17.74,15.16,2.58,49.59,1247
42,B019,"Rajmah, brown (Phaseolus vulgaris)",6,9.68,19.50,3.36,1.68,16.95,14.33,2.62,48.83,1245
43,B020,"Rajmah, red (Phaseolus vulgaris)",3,9.87,19.91,3.28,1.77,16.57,13.86,2.70,48.61,1252
44,B021,"Red gram, dal (Cajanus cajan)",6,9.20,21.70,3.26,1.56,9.06,6.67,2.39,55.23,1384
45,B022,"Red gram, whole (Cajanus cajan)",6,9.30,20.47,3.53,1.38,22.84,19.69,3.15,42.48,1146
46,B023,Ricebean (Vigna umbellata ),1,11.12,19.97,3.54,0.74,13.37,10.04,3.33,51.26,1265
47,B024,"Soya bean, brown (Glycine max)",6,5.51,35.58,4.74,19.82,21.55,16.56,5.00,12.79,1596
48,B025,"Soya bean, white (Glycine max)",1,5.47,37.80,4.52,19.42,22.63,17.04,5.59,10.16,1579
49,C001,Agathi leaves (Sesbania grandiflora),1,74.43,8.01,2.42,1.35,8.60,6.00,2.60,5.21,295
50,C002,"Amaranth leaves, green (Amaranthus gangeticus)",6,86.85,3.29,2.52,0.65,4.41,3.21,1.20,2.28,128
51,C003,"Amaranth leaves, red (Amaranthus gangeticus)",1,85.56,3.93,2.61,0.63,4.91,3.72,1.19,2.37,140
52,C004,"Amaranth leaves, red and green mix (Amaranthus gangeticus)",4,86.37,3.09,2.55,0.53,4.60,3.23,1.37,2.87,132
53,C005,"Amaranth spinosus, leaves, green (Amaranthus spinosus)",4,86.46,3.54,2.94,0.36,5.10,3.89,1.20,1.61,110
54,C006,"Amaranth spinosus, leaves, red and green mix (Amaranthus spinosus)",2,86.64,2.80,3.20,0.34,5.57,3.82,1.75,1.45,99
55,C007,Basella leaves (Basella alba),2,92.68,1.57,1.09,0.45,2.21,1.64,0.57,2.01,82
56,C008,Bathua leaves (Chenopodium album),2,88.77,2.50,1.71,0.44,4.01,2.34,1.68,2.56,116
57,C009,Beet greens (Beta vulgaris),6,86.68,2.38,2.69,0.75,3.64,2.20,1.43,3.86,145
58,C010,"Betel leaves, big (kolkata) (Piper betle)",6,84.93,2.51,2.33,0.75,2.12,1.32,0.80,7.37,202
59,C011,"Betel leaves, small (Piper betle)",4,85.92,2.62,2.59,0.75,1.97,1.17,0.80,6.16,183
60,C012,Brussels sprouts (Brassica oleracea var. gemmifera),1,84.39,4.26,1.47,0.50,4.29,3.35,0.94,5.09,185
61,C013,"Cabbage, Chinese (Brassica rupa)",1,93.19,1.58,0.73,0.13,2.01,1.55,0.45,2.36,75
62,C014,"Cabbage, collard greens (Brassica oleracea var. viridis)",1,89.53,3.63,0.81,0.27,2.98,2.04,0.94,2.79,126
63,C015,"Cabbage, green (Brassica oleracea var. capitata f. alba)",6,91.85,1.36,0.67,0.12,2.76,1.91,0.85,3.25,90
64,C016,"Cabbage, violet (Brassica oleracea var. capitata f. rubra)",2,91.94,1.39,0.71,0.21,2.21,1.58,0.62,3.54,97
65,C017,Cauliflower leaves (Brassica oleracea var. botrytis),6,87.64,3.90,1.22,0.42,3.43,2.37,1.06,3.39,148
66,C018,"Colocasia leaves, green (Colocasia anti-quorum)",6,83.61,3.42,2.30,1.38,5.60,4.32,1.29,3.69,182
67,C019,Drumstick leaves (Moringa oleifera),3,75.65,6.41,2.46,1.64,8.21,6.12,2.10,5.62,282
68,C020,Fenugreek leaves (Trigonella foenum graecum),5,86.73,3.68,1.69,0.83,4.90,3.20,1.70,2.17,144
69,C021,Garden cress (Lepidium sativum),2,84.02,5.62,2.48,0.80,2.60,1.77,0.83,4.48,208
70,C022,"Gogu leaves, green (Hibiscus cannabinus)",4,87.42,1.86,0.98,1.09,4.59,3.24,1.35,4.06,152
71,C023,"Gogu leaves, red (Hibiscus cannabinus)",1,87.98,1.85,0.97,1.07,3.89,2.66,1.23,4.24,153
72,C024,"Knol-Khol, leaves (Brassica oleracea var. gongylodes)",2,86.20,3.12,1.42,0.35,2.76,1.81,0.95,6.16,178
73,C025,Lettuce (Lactuca sativa),3,92.27,1.54,1.11,0.27,1.79,1.32,0.47,3.01,91
74,C026,Mustard leaves (Brassica juncea),3,88.17,3.52,1.47,0.51,3.92,3.04,0.87,2.41,127
75,C027,Pak Choi leaves (Brassica rapa var. Chinensis),1,93.56,1.41,1.10,0.25,1.91,1.44,0.47,1.78,67
76,C028,Parsley (Petroselinum crispum),3,77.76,5.55,2.25,1.14,3.87,2.79,1.09,9.43,305
77,C029,Ponnaganni (Alternanthera sessilis),2,79.43,5.29,2.65,0.71,6.74,5.63,1.11,5.17,213
78,C030,"Pumpkin leaves, tender (Cucurbita maxima)",6,85.82,4.21,2.24,0.74,2.25,1.56,0.69,4.75,185
79,C031,Radish leaves (Raphanus sativus),6,91.19,2.22,1.50,0.51,1.82,1.18,0.63,2.77,109
80,C032,Rumex leaves (Rumex patientia),2,93.18,1.62,1.27,0.33,1.27,0.93,0.34,2.33,82
81,C033,Spinach (Spinacia oleracea),6,90.31,2.14,2.47,0.64,2.38,1.52,0.86,2.05,102
82,C034,"Tamarind leaves, tender (Tamarindus indica)",3,71.69,5.84,1.25,0.49,10.70,9.34,1.36,10.04,299
83,D001,Ash gourd (Benincasa hispida),6,92.17,0.79,0.70,0.14,3.37,2.52,0.85,2.84,73
84,D002,"Bamboo shoot, tender (Bambusa vulgaris)",1,94.56,1.33,0.55,0.35,1.55,1.06,0.49,1.67,68
85,D003,"Bean scarlet, tender (Phaseolus coccineus)",5,85.51,2.86,0.96,0.99,4.50,3.76,0.74,5.16,179
86,D004,"Bitter gourd, jagged, teeth ridges, elongate (Momordica charantia)",6,90.87,1.44,0.86,0.24,3.78,3.10,0.68,2.82,87
87,D005,"Bitter gourd, jagged, teeth ridges, short (Momordica charantia)",4,91.60,1.34,0.81,0.24,3.49,2.96,0.53,2.53,79
88,D006,"Bitter gourd, jagged, smooth ridges, elongate (Momordica charantia)",1,91.24,1.61,0.88,0.26,3.72,3.05,0.67,2.29,81
89,D007,"Bottle gourd, elongate, pale green (Lagenaria vulgaris)",6,95.17,0.53,0.36,0.13,2.12,1.65,0.48,1.68,46
90,D008,"Bottle gourd, round, pale green (Lagenaria vulgaris)",5,94.50,0.42,0.34,0.12,2.10,1.72,0.38,2.53,57
91,D009,"Bottle gourd, elongate, dark green (Lagenaria vulgaris)",1,94.63,0.49,0.40,0.13,2.11,1.74,0.37,2.25,54
92,D010,Brinjal-1 (Solanum melongena),1,89.95,1.77,0.83,0.39,3.57,2.37,1.20,3.49,114
93,D011,Brinjal-2 (Solanum melongena),1,90.28,1.82,0.85,0.34,4.01,2.80,1.21,2.71,99
94,D012,Brinjal-3 (Solanum melongena),2,90.02,1.36,0.65,0.33,4.26,3.10,1.16,3.38,102
95,D013,Brinjal-4 (Solanum melongena),4,90.28,1.51,0.66,0.31,4.04,3.03,1.01,3.19,100
96,D014,Brinjal-5 (Solanum melongena),3,89.45,1.38,0.72,0.29,4.13,3.10,1.03,4.02,111
97,D015,Brinjal-6 (Solanum melongena),2,90.57,1.46,0.72,0.29,3.68,3.00,0.68,3.29,97
98,D016,Brinjal-7 (Solanum melongena),1,91.25,1.40,0.57,0.37,3.32,2.30,1.02,3.10,98
99,D017,Brinjal-8 (Solanum melongena),3,89.28,1.82,0.80,0.33,4.01,2.79,1.22,3.75,117
100,D018,Brinjal-9 (Solanum melongena),2,89.83,1.47,0.83,0.35,4.00,2.94,1.06,3.52,106
101,D019,Brinjal-10 (Solanum melongena),2,89.38,1.68,0.72,0.25,3.90,2.74,1.16,4.08,116
102,D020,Brinjal-11 (Solanum melongena),6,89.93,1.43,0.68,0.31,4.12,2.95,1.17,3.53,105
103,D021,Brinjal-12 (Solanum melongena),2,90.94,1.60,0.58,0.27,3.89,2.70,1.19,2.73,93
104,D022,Brinjal-13 (Solanum melongena),1,89.14,1.49,0.64,0.31,3.92,2.61,1.31,4.51,124
105,D023,Brinjal-14 (Solanum melongena),3,90.31,1.56,0.64,0.35,3.87,2.50,1.37,3.27,106
106,D024,Brinjal-15 (Solanum melongena),4,89.44,1.58,0.74,0.29,3.99,2.82,1.17,3.96,114
107,D025,Brinjal-16 (Solanum melongena),1,90.39,1.26,0.80,0.34,3.74,2.54,1.20,3.46,103
108,D026,Brinjal-17 (Solanum melongena),1,90.83,1.18,0.81,0.36,3.94,2.80,1.14,2.89,91
109,D027,Brinjal-18 (Solanum melongena),3,89.07,1.47,0.66,0.33,4.38,3.23,1.15,4.10,116
110,D028,Brinjal-19 (Solanum melongena),3,90.41,1.26,0.66,0.31,3.97,2.81,1.16,3.39,100
111,D029,Brinjal-20 (Solanum melongena),5,90.65,1.44,0.68,0.34,3.73,2.64,1.09,3.15,99
112,D030,Brinjal-21 (Solanum melongena),2,89.83,1.36,0.69,0.35,3.85,2.57,1.28,3.93,113
113,D031,Brinjal - all varieties (Solanum melongena),6,90.00,1.48,0.70,0.32,3.98,2.84,1.14,3.52,106
114,D032,Broad beans (Vicia faba),3,84.20,3.85,1.05,0.15,8.63,6.61,2.03,2.11,123
115,D033,"Capsicum, green (Capsicum annuum)",6,93.89,1.11,0.76,0.34,2.06,1.33,0.73,1.84,68
116,D034,"Capsicum, red (Capsicum annuum)",4,92.99,1.47,0.76,0.47,2.19,1.58,0.61,2.14,83
117,D035,"Capsicum, yellow (Capsicum annuum)",4,93.38,1.35,0.72,0.41,2.19,1.39,0.80,1.95,78
118,D036,Cauliflower (Brassica oleracea),6,90.76,2.15,0.91,0.44,3.71,2.66,1.04,2.03,96
119,D037,Celery stalk (Apium graveolens),3,92.87,0.98,1.50,0.24,2.09,1.57,0.52,2.33,69
120,D038,Cho-cho-marrow (Sechium edule),4,93.78,0.66,0.38,0.15,1.55,1.19,0.36,3.47,79
121,D039,Cluster beans (Cyamopsis tetragonobola),6,84.65,3.55,1.68,0.37,4.83,3.55,1.28,4.91,168
122,D040,"Colocasia, stem, black (Colocasia antiquorum)",1,91.15,0.76,0.91,0.34,3.01,1.81,1.20,3.83,100
123,D041,"Colocasia, stem, green (Colocasia antiquorum)",5,92.67,0.91,1.00,0.22,2.33,1.26,1.07,2.86,81
124,D042,"Corn, Baby (Zea mays)",6,75.44,2.69,2.79,1.33,6.09,4.47,1.62,11.66,306
125,D043,"Cucumber, green, elongate (Cucumis sativus)",6,92.96,0.71,0.54,0.16,2.14,1.52,0.63,3.48,82
126,D044,"Cucumber, green, short (Cucumis sativus)",6,93.52,0.83,0.52,0.18,2.13,1.60,0.54,2.82,73
127,D045,"Cucumber, orange, round (Cucumis sativus)",2,92.80,0.98,0.52,0.24,2.46,1.78,0.68,3.01,82
128,D046,Drumstick (Moringa oleifera),6,85.39,2.62,1.27,0.12,6.83,5.60,1.23,3.76,123
129,D047,"Field beans, tender, broad (Vicia faba)",2,86.98,3.06,0.94,0.64,5.64,4.84,0.79,2.75,129
130,D048,"Field beans, tender, lean (Vicia faba)",6,85.57,3.71,1.08,0.60,6.19,5.37,0.82,2.85,140
131,D049,"French beans, country (Phaseolus vulgaris)",5,89.14,2.49,1.05,0.26,4.38,3.88,0.51,2.68,102
132,D050,"French beans, hybrid (Phaseolus vulgaris)",2,90.11,2.12,0.77,0.19,4.18,3.53,0.65,2.63,93
133,D051,"Jack fruit, raw (Artocarpus heterophyllus)",5,85.52,1.98,0.99,0.35,7.69,7.15,0.54,3.48,110
134,D052,"Jack fruit, seed, mature (Artocarpus heterophyllus)",5,72.32,5.79,1.02,0.44,8.63,7.83,0.80,11.81,322
135,D053,Knol - Khol (Brassica oleracea),6,93.14,1.58,0.79,0.35,2.75,2.31,0.44,1.39,67
136,D054,"Kovai, big (Coccinia cordifolia)",6,92.78,1.39,0.58,0.24,3.00,2.19,0.81,2.01,73
137,D055,"Kovai, small (Coccinia cordifolia)",1,92.40,1.22,0.47,0.24,3.25,2.14,1.12,2.41,80
138,D056,Ladies finger (Abelmoschus esculentus),6,89.06,2.08,0.94,0.22,4.08,2.80,1.28,3.62,115
139,D057,"Mango, green, raw (Mangifera indica)",6,85.14,0.69,0.49,0.08,3.01,1.68,1.34,10.59,205
140,D058,"Onion, stalk (Allium cepa)",6,88.35,2.07,1.13,0.26,5.21,3.76,1.45,2.99,107
141,D059,"Papaya, raw (Carica papaya)",6,92.04,0.50,0.55,0.23,2.28,1.32,0.96,4.40,100
142,D060,Parwar (Trichosanthes dioica),6,91.57,1.40,0.59,0.30,2.61,1.82,0.79,3.54,101
143,D061,"Peas, fresh (Pisum sativum)",6,73.37,7.25,1.05,0.13,6.32,5.04,1.28,11.88,340
144,D062,"Plantain, flower (Musa x paradisiaca)",6,89.14,1.47,1.35,0.63,5.25,4.72,0.52,2.15,89
145,D063,"Plantain, green (Musa x paradisiaca)",6,76.15,1.18,1.27,0.23,3.60,2.79,0.81,17.58,334
146,D064,"Plantain, stem (Musa x paradisiaca)",6,87.53,0.35,1.20,0.16,2.12,1.33,0.80,8.64,165
147,D065,"Pumpkin, green, cylindrical (Cucurbita maxima)",1,91.73,0.87,0.47,0.18,2.53,1.28,1.25,4.22,103
148,D066,"Pumpkin, orange, round (Cucurbita maxima)",6,91.85,0.84,0.58,0.16,2.56,1.44,1.12,4.00,97
149,D067,"Red gram, tender, fresh (Cajanus cajan)",1,64.00,8.09,1.64,0.92,5.90,3.66,2.25,19.46,520
150,D068,Ridge gourd (Luffa acutangula),6,94.99,0.91,0.44,0.14,1.81,1.20,0.61,1.72,55
151,D069,"Ridge gourd, smooth skin (Luffa acutangula)",3,94.27,0.98,0.53,0.13,1.85,1.31,0.54,2.24,64
152,D070,"Snake gourd, long, pale green (Trichosanthes anguina)",6,94.81,0.98,0.42,0.25,2.27,1.69,0.58,1.27,52
153,D071,"Snake gourd, long, dark green (Trichosanthes anguina)",2,94.92,0.89,0.45,0.25,2.27,1.69,0.58,1.23,50
154,D072,"Snake gourd, short (Trichosanthes anguina)",1,94.35,0.54,0.41,0.26,2.29,1.61,0.68,2.15,61
155,D073,"Tinda, tender (Praecitrullus fistulosus)",6,94.41,1.02,0.51,0.17,2.00,1.68,0.32,1.90,58
156,D074,"Tomato, green (Lycopersicon esculentum)",6,93.21,1.12,0.60,0.27,1.62,1.05,0.57,3.18,87
157,D075,"Tomato, ripe, hybrid (Lycopersicon esculentum)",6,93.79,0.76,0.43,0.25,1.58,1.27,0.30,3.20,79
158,D076,"Tomato, ripe, local (Lycopersicon esculentum)",6,93.62,0.90,0.52,0.47,1.77,1.44,0.33,2.71,82
159,D077,"Zucchini, green (Cucurbita pepo)",2,92.83,1.10,0.93,0.51,2.30,1.42,0.88,2.33,84
160,D078,"Zucchini, yellow (Cucurbita pepo)",2,93.15,1.31,1.08,0.44,1.84,1.37,0.47,2.20,79
161,E001,"Apple, big (Malus domestica)",6,83.01,0.29,0.36,0.64,2.59,1.43,1.16,13.11,261
162,E002,"Apple, green (Malus domestica)",6,85.54,0.46,0.31,0.50,2.54,1.72,0.81,10.65,214
163,E003,"Apple, small (Malus domestica)",6,82.91,0.31,0.24,0.53,2.06,1.44,0.62,13.95,267
164,E004,"Apple, small, Kashmir (Malus sylvestris)",1,82.79,0.27,0.29,0.60,2.07,1.53,0.54,13.99,269
165,E005,"Apricot, dried (Prunus armeniaca)",6,16.68,3.17,3.46,0.74,3.32,2.72,0.60,72.63,1321
166,E006,"Apricot, processed (Prunus armeniaca)",3,85.75,1.47,0.61,0.64,0.59,0.43,0.16,10.93,236
167,E007,Avocado fruit (Persea americana),1,73.56,2.95,1.19,13.86,6.69,5.26,1.42,1.75,604
168,E008,Bael fruit (Aegle marmelos),1,61.36,2.63,0.91,0.57,6.31,3.31,3.00,28.21,569
169,E009,"Banana, ripe, montham (Musa x paradisiaca)",1,70.13,1.25,1.15,0.32,2.21,1.43,0.78,24.95,463
170,E010,"Banana, ripe, poovam (Musa x paradisiaca)",2,71.32,1.49,1.09,0.35,2.33,1.29,1.04,23.41,445
171,E011,"Banana, ripe, red (Musa x paradisiaca)",1,70.28,1.29,0.95,0.29,1.98,1.26,0.72,25.21,467
172,E012,"Banana, ripe, robusta (Musa x paradisiaca)",6,71.93,1.23,0.94,0.33,1.94,1.23,0.71,23.63,440
173,E013,Black berry (Rubus fruticosus),5,82.94,0.92,0.52,0.63,4.35,3.44,0.91,10.64,227
174,E014,"Cherries, red (Prunus cerasus)",4,83.61,1.49,0.45,0.46,2.12,1.35,0.78,11.87,250
175,E015,"Currants, black (Ribes nigrum)",1,83.27,1.51,0.69,0.53,4.07,2.43,1.64,9.93,227
176,E016,Custard apple (Annona squamosa),1,71.55,1.62,0.68,0.67,5.10,3.17,1.93,20.38,414
177,E017,"Dates, dry, pale brown (Phoenix dactylifera)",6,11.14,2.45,2.20,0.35,8.95,7.53,1.42,74.91,1340
178,E018,"Dates, dry, dark brown (Phoenix dactylifera)",2,13.13,2.38,2.39,0.35,9.10,7.57,1.53,72.67,1301
179,E019,"Dates, processed (Phoenix dactylifera)",2,22.01,1.18,1.93,0.41,6.52,5.68,0.84,67.95,1197
180,E020,Fig (Ficus carica),6,75.60,2.03,1.08,0.37,4.64,2.59,2.05,16.28,341
181,E021,Goosberry (Emblica officinalis),5,87.02,0.34,0.34,0.16,7.75,6.20,1.55,4.39,99
182,E022,"Grapes, seeded, round, black (Vitis vinifera)",4,83.88,0.76,0.46,0.32,1.35,0.82,0.52,13.23,254
183,E023,"Grapes, seeded, round, green (Vitis vinifera)",5,85.07,0.77,0.43,0.29,1.25,0.81,0.44,12.19,235
184,E024,"Grapes, seeded, round, red (Vitis vinifera)",5,84.46,0.95,0.48,0.29,1.28,0.85,0.43,12.55,244
185,E025,"Grapes, seedless, oval, black (Vitis vinifera)",5,75.30,1.41,0.70,0.46,1.64,0.98,0.66,20.48,395
186,E026,"Grapes, seedless, round, green (Vitis vinifera)",5,85.55,0.62,0.47,0.26,1.28,0.85,0.44,11.81,224
187,E027,"Grapes, seedless, round, black (Vitis vinifera)",5,76.90,1.24,0.49,0.35,1.15,0.83,0.32,19.86,374
188,E028,"Guava, white flesh (Psidium guajava)",5,83.79,1.44,0.72,0.32,8.59,7.14,1.45,5.13,135
189,E029,"Guava, pink flesh (Psidium guajava)",5,81.22,1.19,0.81,0.25,7.39,6.12,1.28,9.14,195
190,E030,"Jack fruit, ripe (Artocarpus heterophyllus)",5,78.56,2.74,0.91,0.15,3.62,2.21,1.41,14.01,302
191,E031,"Jambu fruit, ripe (Syzygium cumini)",2,83.33,0.82,0.31,0.17,3.07,2.40,0.67,12.30,235
192,E032,Karonda fruit (Carissa carandas),1,86.04,1.15,1.02,1.67,7.25,5.87,1.38,2.87,141
193,E033,"Lemon, juice (Citrus limon)",6,91.59,0.41,0.28,0.75,0,6.97,0,0,153
194,E034,"Lime, sweet,pulp (Citrus limetta)",6,91.32,0.76,0.47,0.20,2.07,1.33,0.74,5.18,114
195,E035,Litchi (Nephelium litchi),4,85.56,0.99,0.44,0.26,1.34,0.81,0.53,11.41,225
196,E036,"Mango, ripe, banganapalli (Mangifera indica)",6,88.44,0.54,0.42,0.55,1.88,1.01,0.87,8.18,175
197,E037,"Mango, ripe, gulabkhas (Mangifera indica)",2,86.65,0.52,0.32,0.53,1.67,1.03,0.64,10.32,209
198,E038,"Mango, ripe, himsagar (Mangifera indica)",3,88.04,0.46,0.38,0.54,1.55,0.82,0.73,9.03,187
199,E039,"Mango, ripe, kesar (Mangifera indica)",4,85.07,0.54,0.44,0.57,2.02,1.09,0.93,11.36,231
200,E040,"Mango, ripe, neelam (Mangifera indica)",2,88.41,0.68,0.38,0.55,1.77,0.97,0.79,8.21,178
201,E041,"Mango, ripe, paheri (Mangifera indica)",2,87.69,0.68,0.42,0.58,1.97,0.99,0.98,8.67,188
202,E042,"Mango, ripe, totapari (Mangifera indica)",1,84.14,0.41,0.47,0.49,1.73,0.95,0.78,12.75,248
203,E043,Mangosteen (Garcinia mangostana),1,85.52,0.63,0.33,0.24,1.87,1.23,0.64,11.41,219
204,E044,Manila tamarind (Pithecellobium dulce),1,74.54,3.56,2.82,1.14,4.40,3.30,1.10,13.54,342
205,E045,"Musk melon, orange flesh (Cucumis melon)",5,92.97,0.42,0.52,0.35,1.51,0.84,0.67,4.24,97
206,E046,"Musk melon, yellow flesh (Cucumis melon)",6,91.84,0.53,0.48,0.26,1.49,0.79,0.70,5.40,116
207,E047,"Orange, pulp (Citrus aurantium)",6,89.61,0.70,0.36,0.13,1.29,0.73,0.56,7.92,156
208,E048,"Palm fruit, tender (Borassus flabellifer)",1,91.93,0.50,0.13,0.12,2.40,1.87,0.53,4.92,101
209,E049,"Papaya, ripe (Carcia papaya)",6,91.47,0.42,0.51,0.16,2.83,1.75,1.08,4.61,100
210,E050,Peach (Prunus communis),1,88.31,0.86,0.51,0.37,2.13,1.22,0.91,7.82,168
211,E051,Pear (Pyrus sp.),6,86.49,0.36,0.32,0.27,4.48,4.02,0.46,8.09,157
212,E052,Phalsa (Grewia asiatica),2,77.48,1.66,1.09,0.14,4.54,3.44,1.09,15.09,299
213,E053,Pineapple (Ananas comosus),6,86.06,0.52,0.38,0.16,3.46,2.88,0.59,9.42,180
214,E054,Plum (Prunus domestica),3,84.44,0.64,0.35,0.40,2.07,1.23,0.84,12.10,238
215,E055,"Pomegranate, maroon seeds (Punica granatum)",6,83.55,1.33,0.57,0.15,2.83,2.26,0.57,11.58,229
216,E056,Pummelo (Citrus maxima),3,86.97,0.68,0.49,0.42,0.80,0.49,0.31,10.64,210
217,E057,"Raisins, dried, black (Vitis vinifera)",6,19.69,2.57,2.19,0.34,3.92,2.55,1.37,71.29,1279
218,E058,"Raisins, dried, golden (Vitis vinifera)",6,21.50,2.76,2.04,0.35,4.56,3.04,1.53,68.79,1241
219,E059,Rambutan (Nephelium lappaceum),1,80.87,0.68,0.43,0.16,1.02,0.71,0.30,16.84,306
220,E060,Sapota (Achras sapota),6,73.64,0.92,0.68,1.26,9.60,8.46,1.14,13.90,307
221,E061,Soursop (Annona muricata),1,80.85,0.74,0.58,0.94,4.95,3.79,1.16,11.94,260
222,E062,Star fruit (Averrhoa carambola),1,91.18,0.79,0.33,0.39,2.81,2.17,0.64,4.51,110
223,E063,Strawberry (Fragaria ananassa),6,92.03,0.97,0.54,0.56,2.50,1.51,0.99,3.40,103
224,E064,"Tamarind, pulp (Tamarindus indicus)",6,20.83,2.92,3.44,0.15,5.31,3.73,1.58,67.35,1207
225,E065,"Water melon, dark green (sugar baby) (Citrullus vulgaris)",6,94.54,0.60,0.13,0.16,0.70,0.35,0.34,3.86,85
226,E066,"Water melon, pale green (Citrullus vulgaris)",6,95.33,0.59,0.12,0.16,0.78,0.40,0.38,3.02,70
227,E067,Wood Apple (Limonia acidissima),3,79.36,3.14,1.15,3.62,5.21,3.77,1.44,7.52,327
228,E068,Zizyphus (Zizyphus jujube),1,84.39,1.34,0.80,0.35,3.73,2.71,1.02,9.40,204
229,F001,Beet root (Beta vulgaris),6,86.95,1.95,1.46,0.14,3.31,2.60,0.71,6.18,149
230,F002,"Carrot, orange (Dacus carota)",6,87.69,0.95,1.16,0.47,4.18,2.81,1.37,5.55,139
231,F003,"Carrot, red (Dacus carota)",4,86.07,1.04,1.22,0.47,4.49,3.09,1.40,6.71,160
232,F004,Colocasia (Colocasia antiquorum),6,73.49,3.31,1.95,0.17,3.22,2.54,0.68,17.85,372
233,F005,Lotus root (Nelumbium nelumbo),3,76.26,1.94,1.50,0.93,4.70,2.86,1.84,14.67,332
234,F006,"Potato, brown skin, big (Solanum tuberosum)",6,80.72,1.54,0.92,0.23,1.71,1.13,0.58,14.89,292
235,F007,"Potato, brown skin, small (Solanum tuberosum)",1,82.97,1.35,0.87,0.22,1.69,1.15,0.54,12.90,255
236,F008,"Potato, red skin (Solanum tuberosum)",1,79.72,1.83,1.13,0.22,1.68,1.11,0.57,15.43,306
237,F009,"Radish, elongate, red skin (Raphanus sativus)",3,89.32,0.67,0.73,0.13,2.46,1.96,0.49,6.71,134
238,F010,"Radish, elongate, white skin (Raphanus sativus)",6,89.05,0.77,0.82,0.15,2.65,1.98,0.67,6.56,135
239,F011,"Radish, round, red skin (Raphanus sativus)",1,89.68,0.89,0.91,0.16,2.29,1.56,0.73,6.07,130
240,F012,"Radish, round, white skin (Raphanus sativus)",2,89.76,0.80,0.80,0.14,2.37,1.63,0.74,6.13,129
241,F013,"Sweet potato, brown skin (Ipomoes batatas)",4,69.21,1.33,0.96,0.26,3.99,2.57,1.43,24.25,456
242,F014,"Sweet potato, pink skin (Ipomoes batatas)",3,69.58,1.27,0.95,0.33,3.94,2.53,1.41,23.93,452
243,F015,Tapioca (Manihot esculenta),3,75.23,1.03,1.12,0.20,4.61,3.85,0.76,17.81,334
244,F016,Water Chestnut (Eleocharis dulcis),1,73.34,0.86,0.95,0.37,3.02,2.15,0.87,21.46,400
245,F017,"Yam, elephant (Amorphophallus campanulatus)",6,74.39,2.56,1.29,0.14,4.17,3.25,0.92,17.46,353
246,F018,"Yam, ordinary (Amorphophallus campanulatus)",4,74.28,2.18,1.64,0.17,4.08,3.32,0.76,17.65,349
247,F019,"Yam, wild (Dioscorea versicolor)",2,69.35,3.07,1.76,0.30,4.57,3.29,1.29,20.95,430
248,G001,"Chillies, green-1 (Capsicum annum)",5,84.47,2.62,1.01,0.73,4.86,3.31,1.55,6.32,191
249,G002,"Chillies, green-2 (Capsicum annum)",3,85.72,2.28,0.85,0.75,5.13,3.79,1.34,5.27,167
250,G003,"Chillies, green-3 (Capsicum annum)",5,85.59,2.38,0.95,0.75,5.10,3.61,1.50,5.23,169
251,G004,"Chillies, green-4 (Capsicum annum)",3,85.29,2.33,0.87,0.74,4.15,2.84,1.31,6.63,190
252,G005,"Chillies, green-5 (Capsicum annum)",2,85.93,2.01,0.82,0.65,3.95,2.83,1.12,6.64,180
253,G006,"Chillies, green-6 (Capsicum annum)",1,84.93,3.01,0.96,0.64,5.15,3.91,1.24,5.31,175
254,G007,"Chillies, green-7 (Capsicum annum)",1,85.83,2.12,0.90,0.60,4.95,3.75,1.20,5.61,163
255,G008,"Chillies, green - all varieties (Capsicum annum)",6,85.39,2.36,0.91,0.72,4.77,3.41,1.37,5.86,177
256,G009,Coriander leaves (Coriandrum sativum),6,86.99,3.52,2.19,0.70,4.66,3.24,1.42,1.93,130
257,G010,Curry leaves (Murraya koenigii),6,65.33,7.41,4.86,1.06,16.83,13.81,3.02,4.51,266
258,G011,"Garlic, big clove (Allium sativum)",6,64.38,6.92,1.40,0.16,5.22,2.56,2.66,21.93,518
259,G012,"Garlic, small clove (Allium sativum)",3,64.42,6.75,1.38,0.14,5.47,2.61,2.86,21.84,514
260,G013,"Garlic, single clove, Kashmir (Allium sativum)",1,64.49,6.12,1.76,0.16,4.01,2.20,1.81,23.46,523
261,G014,"Ginger, fresh (Zinziber officinale)",6,81.27,2.22,1.33,0.85,5.36,4.28,1.08,8.97,230
262,G015,Mango ginger (Curcuma amada),3,84.55,1.45,1.57,0.70,4.74,3.79,0.95,6.98,177
263,G016,Mint leaves (Mentha spicata ),4,84.24,4.66,2.18,0.65,5.89,4.49,1.40,2.39,155
264,G017,"Onion, big (Allium cepa)",6,85.76,1.50,0.50,0.24,2.45,1.92,0.53,9.56,201
265,G018,"Onion, small (Allium cepa)",5,84.67,1.82,0.61,0.16,1.16,0.70,0.46,11.58,237
266,G019,Asafoetida (Ferula assa-foetida),6,9.42,6.34,5.90,1.26,5.13,3.90,1.23,71.95,1387
267,G020,"Cardamom, green (Elettaria cardamomum)",6,11.24,8.10,7.21,2.60,23.10,20.46,2.64,47.76,1067
268,G021,"Cardamom, black (Elettaria cardamomum)",4,6.69,6.69,7.84,2.80,23.46,20.73,2.74,52.53,1132
269,G022,"Chillies, red (Capsicum annum)",6,14.57,12.69,5.73,6.40,31.15,26.55,4.60,29.46,990
270,G023,Cloves (Syzygium aromaticum),6,26.49,5.86,5.99,8.41,34.52,28.07,6.46,18.73,781
271,G024,Coriander seeds (Coriandrum sativum),6,8.72,10.66,5.36,17.47,44.81,35.27,9.54,12.98,1125
272,G025,Cumin seeds (Cuminum cyminum),6,10.59,13.91,5.90,16.64,30.35,25.73,4.62,22.62,1274
273,G026,Fenugreek seeds (Trigonella foenum graecum),6,7.82,25.41,2.93,5.72,47.55,27.63,19.92,10.57,983
274,G027,Mace (Myristica fragrans),6,20.06,6.24,2.47,24.41,20.31,16.78,3.54,26.51,1488
275,G028,Nutmeg (Myristica fragrans),6,15.55,6.30,1.99,36.52,11.99,10.54,1.46,27.64,1940
276,G029,Omum (Trachyspermum ammi),6,9.71,15.89,8.18,21.11,20.58,17.20,3.38,24.53,1495
277,G030,Pippali (Piper longum),6,10.95,10.53,6.41,2.27,34.14,29.57,4.57,35.70,906
278,G031,"Pepper, black (Piper nigrum)",6,13.18,10.12,4.58,2.74,33.16,30.61,2.54,36.22,910
279,G032,Poppy seeds (Papaver somniferum),6,4.22,20.31,6.04,30.38,26.68,15.62,11.06,12.37,1768
280,G033,Turmeric powder (Curcuma domestica),6,10.58,7.66,6.13,5.03,21.38,18.79,2.59,49.22,1174
281,H001,Almond (Prunus amygdalus),6,4.37,18.41,2.62,58.49,13.06,10.55,2.52,3.04,2549
282,H002,"Arecanut, dried, brown (Areca catechu)",6,6.63,5.78,1.39,4.35,11.44,10.14,1.30,70.42,1467
283,H003,"Arecanut, dried, red color (Areca catechu)",3,6.30,6.46,1.41,4.46,11.11,10.09,1.03,70.27,1477
284,H004,"Arecanut, fresh (Areca catechu)",2,37.70,2.73,1.43,5.51,7.63,6.59,1.03,45.00,1024
285,H005,Cashew nut (Anacardium occidentale),6,4.44,18.78,2.25,45.20,3.86,2.23,1.63,25.46,2438
286,H006,"Coconut, kernal, dry (Cocos nucifera)",6,3.97,7.27,1.61,63.26,15.88,14.55,1.33,8.01,2611
287,H007,"Coconut, kernel, fresh (Cocos nucifera)",6,36.14,3.84,1.93,41.38,10.42,9.43,0.99,6.30,1711
288,H008,"Garden cress, seeds (Lepidium sativum)",5,4.60,23.36,6.37,23.74,8.27,6.33,1.95,33.66,1863
289,H009,"Gingelly seeds, black (Sesamum indicum)",6,4.51,19.17,5.78,43.10,17.16,13.57,3.59,10.29,2124
290,H010,"Gingelly seeds, brown (Sesamum indicum)",4,3.62,21.61,4.58,43.22,17.21,13.58,3.63,9.76,2161
291,H011,"Gingelly seeds, white (Sesamum indicum)",5,3.30,21.70,4.13,43.05,16.99,13.49,3.51,10.83,2174
292,H012,Ground nut (Arachis hypogea),6,6.97,23.65,2.11,39.63,10.38,8.58,1.79,17.27,2176
293,H013,Mustard seeds (Brassica juncea),6,5.67,19.51,3.73,40.19,14.10,10.63,3.47,16.80,2132
294,H014,Linseeds (Linum usitatissimum),6,5.48,18.55,3.15,35.67,26.17,21.83,4.33,10.99,1857
295,H015,"Niger seeds, black (Guizotia abyssinica)",4,4.65,18.92,3.91,38.61,10.93,10.50,0.43,22.98,2144
296,H016,"Niger seeds, gray (Guizotia abyssinica)",5,5.66,18.34,4.92,39.53,10.96,10.54,0.41,20.59,2128
297,H017,Pine seed (Pinus gerardiana),5,5.32,12.55,2.78,48.79,3.79,2.23,1.57,26.77,2486
298,H018,Pistachio nuts (Pistacla vera),6,4.68,23.35,3.02,42.49,10.64,8.23,2.41,15.82,2257
299,H019,Safflower seeds (Carthamus tinctorius),5,5.24,17.66,2.57,30.87,13.49,10.24,3.25,30.18,1981
300,H020,Sunflower seeds (Helianthus annuus),5,3.53,23.53,3.44,51.85,10.80,8.51,2.29,6.85,2453
301,H021,Walnut (Juglans regia),6,3.56,14.92,1.72,64.27,5.39,4.74,0.65,10.14,2809
302,I001,"Jaggery, cane (Saccharum officinarum)",6,11.20,1.85,1.92,0.16,0,0,0,84.87,1480
303,I002,"Sugarcane, juice (Saccharum officinarum)",6,85.54,0.16,0.23,0.40,0.56,0.40,0.16,13.11,242
304,J001,"Button mushroom, fresh (Agaricus sp.)",1,90.09,3.68,0.71,0.42,3.11,2.76,0.35,1.98,115
305,J002,"Chicken mushroom, fresh (Lactiporus sp.)",1,92.43,1.84,0.74,0.25,1.99,1.82,0.18,2.76,89
306,J003,"Shiitake mushroom, fresh (Lentinula sp.)",1,82.94,3.19,1.11,0.76,3.02,2.03,0.99,8.98,243
307,J004,"Oyster mushroom, dried (Pleurotus sp.)",1,4.51,19.04,1.41,2.86,39.12,35.64,3.48,33.07,1019
308,K001,Toddy,10,93.86,0.18,0.21,0.03,0,0,0,5.72,101
309,K002,Coconut Water,6,95.77,0.26,0.65,0.16,0,0,0,3.16,64
310,L001,"Milk, whole, Buffalo",6,80.68,3.68,0.67,6.58,0,0,0,8.39,449
311,L002,"Milk, whole, Cow",6,86.64,3.26,0.68,4.48,0,0,0,4.94,305
312,L003,Paneer,6,51.96,18.86,1.98,14.78,0,0,0,12.41,1079
313,L004,Khoa,6,42.51,16.34,4.00,20.62,0,0,0,16.53,1322
314,M001,"Egg, poultry, whole, raw",6,76.51,13.28,0.81,9.15,0,0,0,0,564
315,M002,"Egg, poultry, white, raw",6,86.68,10.84,0.75,0.06,0,0,0,0,187
316,M003,"Egg, poultry, yolk, raw",6,53.57,15.74,1.05,26.34,0,0,0,0,1242
317,M004,"Egg, poultry, whole, boiled",6,73.46,13.43,0.86,10.54,0,0,0,0,618
318,M005,"Egg, poultry, white, boiled",6,83.54,12.37,0.81,0.26,0,0,0,0,220
319,M006,"Egg, poultry, yolk, boiled",6,51.42,16.13,1.38,27.46,0,0,0,0,1290
320,M007,"Egg, poultry, omlet",3,68.48,16.53,0.96,11.60,0,0,0,0,710
321,M008,"Egg, country hen, whole, raw",1,72.96,13.14,0.86,13.00,0,0,0,0,704
322,M009,"Egg, country hen, whole, boiled",1,70.43,14.43,0.94,14.10,0,0,0,0,767
323,M010,"Egg, country hen, omlet",1,67.80,14.80,1.08,16.30,0,0,0,0,855
324,M011,"Egg, duck, whole, boiled",1,71.61,13.80,0.97,13.61,0,0,0,0,738
325,M012,"Egg, duck, whole, raw",1,70.53,14.60,0.99,13.83,0,0,0,0,760
326,M013,"Egg, duck, whole, omlet",1,68.90,15.10,1.18,14.80,0,0,0,0,804
327,M014,"Egg, quial, whole, raw",1,75.11,12.39,0.94,11.46,0,0,0,0,635
328,M015,"Egg, quial, whole, boiled",1,74.41,13.03,0.99,11.50,0,0,0,0,647
329,N001,"Chicken, poultry, leg, skinless",4,67.61,19.44,1.14,12.64,0,0,0,0,1605
330,N002,"Chicken, poultry, thigh, skinless",6,67.58,18.18,1.14,14.23,0,0,0,0,836
331,N003,"Chicken, poultry, breast, skinless",5,67.15,21.81,1.19,9.00,0,0,0,0,704
332,N004,"Chicken, poultry, wing, skinless",5,67.48,17.42,1.13,13.81,0,0,0,0,807
333,N005,"Poultry, chicken, liver",1,73.20,21.57,1.11,4.08,0,0,0,0,518
334,N006,"Poultry, chicken, gizzard",1,78.05,18.22,1.46,2.07,0,0,0,0,386
335,N007,"Country hen, leg, with skin",1,70.02,17.01,1.20,11.73,0,0,0,0,723
336,N008,"Country hen, thigh, with skin",1,67.46,18.29,1.23,12.82,0,0,0,0,785
337,N009,"Country hen, breast, with skin",1,66.53,22.08,1.14,10.20,0,0,0,0,753
338,N010,"Country hen, wing, with skin",1,68.01,18.65,1.14,12.09,0,0,0,0,764
339,N011,"Duck, meat, with skin",1,73.49,19.07,1.22,6.03,0,0,0,0,547
340,N012,"Emu, meat, skinless",1,71.65,22.65,0.98,4.62,0,0,0,0,556
341,N013,"Guinea fowl, meat, with skin",1,75.21,20.52,0.92,3.24,0,0,0,0,469
342,N014,"Pigeon, meat, with skin",1,74.61,17.94,1.32,6.03,0,0,0,0,528
343,N015,"Quail, meat, skinless",1,71.58,20.92,1.35,5.95,0,0,0,0,576
344,N016,"Turkey, leg, with skin",1,69.24,20.30,1.21,8.15,0,0,0,0,647
345,N017,"Turkey, thigh, with skin",1,72.17,20.46,0.97,6.31,0,0,0,0,581
346,N018,"Turkey, breast, with skin",1,68.44,21.96,1.01,8.04,0,0,0,0,671
347,N019,"Turkey, wing, with skin",1,66.16,21.91,0.97,10.77,0,0,0,0,771
348,O001,"Goat, shoulder",6,66.39,20.33,0.90,11.94,0,0,0,0,787
349,O002,"Goat, chops",6,72.46,20.39,0.99,5.98,0,0,0,0,568
350,O003,"Goat, legs",6,68.85,22.07,0.97,7.94,0,0,0,0,669
351,O004,"Goat, brain",5,76.74,13.82,1.29,8.06,0,0,0,0,533
352,O005,"Goat, tongue",4,68.40,16.63,1.02,13.68,0,0,0,0,789
353,O006,"Goat, lungs",4,79.03,16.86,0.74,3.09,0,0,0,0,401
354,O007,"Goat, heart",5,75.15,19.38,0.95,4.40,0,0,0,0,492
355,O008,"Goat, liver",6,73.37,20.32,1.30,4.88,0,0,0,0,526
356,O009,"Goat, tripe",5,80.94,15.36,0.23,3.36,0,0,0,0,386
357,O010,"Goat, spleen",4,77.93,18.45,1.15,2.37,0,0,0,0,401
358,O011,"Goat, kidneys",4,80.26,15.60,1.10,2.93,0,0,0,0,374
359,O012,"Goat, tube (small intestine)",3,78.12,12.92,0.54,8.26,0,0,0,0,525
360,O013,"Goat, testis",2,84.29,12.32,0.87,2.39,0,0,0,0,298
361,O014,"Sheep, shoulder",5,66.51,18.24,0.86,14.31,0,0,0,0,840
362,O015,"Sheep, chops",4,75.66,18.00,1.09,5.15,0,0,0,0,496
363,O016,"Sheep, leg",5,68.26,21.42,0.94,8.69,0,0,0,0,686
364,O017,"Sheep, brain",1,78.36,13.05,1.19,7.29,0,0,0,0,492
365,O018,"Sheep, tongue",1,68.70,16.61,1.06,13.53,0,0,0,0,783
366,O019,"Sheep, lungs",2,80.41,16.12,0.97,2.41,0,0,0,0,363
367,O020,"Sheep, heart",1,77.06,18.19,0.97,3.66,0,0,0,0,445
368,O021,"Sheep, liver",4,69.71,22.26,1.26,4.87,0,0,0,0,559
369,O022,"Sheep, tripe",2,78.81,16.76,0.26,4.05,0,0,0,0,435
370,O023,"Sheep, spleen",1,79.66,16.02,1.17,3.02,0,0,0,0,384
371,O024,"Sheep, kidneys",2,79.77,16.22,1.00,2.92,0,0,0,0,384
372,O025,"Beef, shoulder",6,63.84,20.56,0.95,14.59,0,0,0,0,889
373,O026,"Beef, chops",4,72.40,19.82,0.96,6.71,0,0,0,0,585
374,O027,"Beef, round (leg)",6,68.04,22.64,1.19,7.38,0,0,0,0,658
375,O028,"Beef, brain",4,78.71,10.55,1.37,9.28,0,0,0,0,523
376,O029,"Beef, tongue",4,70.97,15.63,0.73,12.57,0,0,0,0,731
377,O030,"Beef, lungs",3,80.83,15.66,1.13,2.28,0,0,0,0,351
378,O031,"Beef, heart",5,77.77,17.68,0.87,3.57,0,0,0,0,433
379,O032,"Beef, liver",6,74.15,20.73,1.07,3.96,0,0,0,0,499
380,O033,"Beef, tripe",5,83.74,13.10,0.55,2.51,0,0,0,0,316
381,O034,"Beef, spleen",6,79.03,17.42,1.22,2.22,0,0,0,0,378
382,O035,"Beef, kidneys",3,77.59,17.09,1.22,4.01,0,0,0,0,439
383,O036,"Calf, shoulder",2,70.49,20.98,0.94,7.47,0,0,0,0,633
384,O037,"Calf, chops",2,72.66,22.47,0.92,3.85,0,0,0,0,524
385,O038,"Calf, round (leg)",2,71.13,21.10,0.74,6.92,0,0,0,0,615
386,O039,"Calf, brain",2,81.19,9.84,1.26,7.60,0,0,0,0,448
387,O040,"Calf, tongue",2,69.44,17.78,0.93,11.76,0,0,0,0,737
388,O041,"Calf, heart",1,73.44,18.84,0.86,3.75,0,0,0,0,459
389,O042,"Calf, liver",1,73.66,21.02,1.26,3.95,0,0,0,0,503
390,O043,"Calf, spleen",1,78.65,17.71,1.41,2.12,0,0,0,0,379
391,O044,"Calf, kidneys",2,80.23,15.16,1.02,3.50,0,0,0,0,387
392,O045,"Mithun, shoulder",1,68.86,19.05,0.84,11.14,0,0,0,0,736
393,O046,"Mithun, chops",1,73.81,18.19,0.79,6.12,0,0,0,0,536
394,O047,"Mithun, round (leg)",1,72.25,19.61,0.90,4.10,0,0,0,0,485
395,O048,"Pork, shoulder",6,62.92,17.41,0.75,18.83,0,0,0,0,993
396,O049,"Pork, chops",6,68.40,19.41,0.64,11.30,0,0,0,0,748
397,O050,"Pork, ham",6,61.94,18.83,0.62,18.55,0,0,0,0,1006
398,O051,"Pork, lungs",4,81.12,15.13,0.93,2.74,0,0,0,0,358
399,O052,"Pork, heart",4,77.74,16.31,1.01,4.87,0,0,0,0,457
400,O053,"Pork, liver",5,74.88,19.89,1.18,3.94,0,0,0,0,484
401,O054,"Pork, stomach",1,76.51,15.36,0.23,7.81,0,0,0,0,550
402,O055,"Pork, spleen",3,80.93,15.13,1.13,2.71,0,0,0,0,357
403,O056,"Pork, kidneys",5,80.92,14.35,0.97,3.65,0,0,0,0,379
404,O057,"Pork, tube (small intestine)",1,75.42,14.96,0.55,8.98,0,0,0,0,587
405,O058,"Hare, shoulder",1,71.06,21.13,1.17,6.58,0,0,0,0,603
406,O059,"Hare, chops",1,75.47,20.62,1.27,2.55,0,0,0,0,445
407,O060,"Hare, leg",1,73.00,20.52,1.26,4.16,0,0,0,0,503
408,O061,"Rabbit, shoulder",1,70.75,20.01,1.19,7.96,0,0,0,0,635
409,O062,"Rabbit, chops",1,71.03,22.61,1.35,4.88,0,0,0,0,565
410,O063,"Rabbit, leg",1,70.33,21.31,1.26,5.99,0,0,0,0,584
411,P001,Allathi (Elops machnata),1,75.91,21.77,1.06,0.98,0,0,0,0,406
412,P002,Aluva (Parastromateus niger),3,75.71,21.63,1.39,1.80,0,0,0,0,434
413,P003,Anchovy (Stolephorus indicus),2,77.77,19.88,1.62,0.78,0,0,0,0,367
414,P004,Ari fish (Aprion virescens ),1,77.09,22.01,1.34,1.11,0,0,0,0,415
415,P005,Betki (Lates calcarifer),1,82.52,15.28,1.12,0.29,0,0,0,0,284
416,P006,Black snapper (Macolor niger),1,78.09,19.50,1.19,1.24,0,0,0,0,377
417,P007,Bombay duck (Harpadon nehereus),2,83.24,13.53,1.07,1.03,0,0,0,0,287
418,P008,Bommuralu (Muraenesox cinerius),3,76.42,22.30,1.21,2.87,0,0,0,0,485
419,P009,Cat fish (Tachysurus thalassinus),1,76.22,22.18,1.32,2.13,0,0,0,0,456
420,P010,Chakla (Rachycentron canadum),5,78.36,20.21,1.07,1.68,0,0,0,0,406
421,P011,Chappal (Aluterus monoceros ),1,80.61,17.17,1.23,0.67,0,0,0,0,317
422,P012,Chelu (Elagatis bipinnulata),2,76.36,20.02,1.28,0.70,0,0,0,0,366
423,P013,Chembali (Lutjanus quinquelineatus),1,77.54,20.06,0.86,1.77,0,0,0,0,406
424,P014,Eri meen (Pristipomoides filamentosus),1,76.54,22.30,1.28,2.02,0,0,0,0,454
425,P015,Gobro (Epinephelus diacanthus),2,78.84,19.37,0.98,0.88,0,0,0,0,362
426,P016,Guitar fish (Rhinobatus prahli),1,75.73,22.56,1.32,0.44,0,0,0,0,400
427,P017,Hilsa (Tenualosa ilisha),2,60.09,21.80,1.11,18.49,0,0,0,0,1083
428,P018,Jallal (Arius sp.),1,77.50,21.55,1.17,1.46,0,0,0,0,420
429,P019,Jathi vela meen (Lethrinus lentjan),2,75.66,22.45,1.26,1.92,0,0,0,0,453
430,P020,Kadal bral (Synodus indicus),1,79.66,18.72,1.27,1.34,0,0,0,0,368
431,P021,Kadali (Nemipterus mesoprion),1,73.74,22.07,1.06,4.20,0,0,0,0,530
432,P022,Kalamaara (Leptomelanosoma indicum),2,75.50,20.89,1.08,4.54,0,0,0,0,523
433,P023,Kalava (Epinephelus coioides),1,80.02,19.38,1.34,1.20,0,0,0,0,374
434,P024,Kanamayya (Lutjanus rivulatus),2,77.59,20.19,1.07,0.65,0,0,0,0,367
435,P025,Kannadi paarai (Alectis indicus),3,76.25,22.09,1.28,1.27,0,0,0,0,423
436,P026,Karimeen (Etroplus suratensis),1,78.66,19.68,0.97,1.38,0,0,0,0,386
437,P027,Karnagawala (Anchoa hepsetus),1,79.22,19.52,1.45,0.84,0,0,0,0,363
438,P028,Kayrai (Thunnus albacores),2,72.69,20.15,1.28,3.00,0,0,0,0,454
439,P029,Kiriyan (Atule mate),1,72.39,22.49,0.94,4.70,0,0,0,0,556
440,P030,Kite fish (Mobula kuhlii),1,77.61,23.07,1.50,0.56,0,0,0,0,413
441,P031,Korka (Terapon jarbua),1,72.25,23.72,1.09,3.36,0,0,0,0,528
442,P032,Kulam paarai (Carangoides fulvoguttatus),1,73.44,21.62,1.25,3.60,0,0,0,0,501
443,P033,Maagaa (Polynemus plebeius),1,79.23,20.11,1.01,0.67,0,0,0,0,366
444,P034,Mackerel (Rastrelliger kanagurta),3,74.55,21.51,1.20,1.53,0,0,0,0,423
445,P035,Manda clathi (Naso reticulatus),1,76.32,21.27,1.48,1.00,0,0,0,0,398
446,P036,Matha (Acanthurus mata),2,79.81,21.17,1.35,0.79,0,0,0,0,389
447,P037,Milk fish (Chanos chanos),1,72.22,23.66,1.12,1.09,0,0,0,0,442
448,P038,Moon fish (Mene maculata),1,74.21,20.74,1.69,4.69,0,0,0,0,526
449,P039,Mullet (Mugil cephalus),3,76.12,20.23,1.16,1.32,0,0,0,0,393
450,P040,Mural (Tylosurus crocodilus crocodilus),1,78.96,19.04,1.11,0.58,0,0,0,0,345
451,P041,Myil meen (Istiophorus platypterus),2,75.57,22.89,1.21,0.56,0,0,0,0,410
452,P042,Nalla bontha (Epinephelus sp.),1,79.32,19.82,1.00,0.72,0,0,0,0,364
453,P043,Narba (Caranx sexfasciatus),2,76.37,21.95,1.17,1.60,0,0,0,0,432
454,P044,Paarai (Caranx heberi),1,75.77,21.58,1.21,1.84,0,0,0,0,435
455,P045,Padayappa (Canthidermis maculata),1,79.18,19.70,1.26,0.69,0,0,0,0,360
456,P046,Pali kora (Panna microdon),1,78.63,19.25,1.00,1.81,0,0,0,0,394
457,P047,Pambada (Lepturacanthus savala),2,74.67,21.95,1.41,4.44,0,0,0,0,537
458,P048,Pandukopa (Pseudosciaena manchurica),1,77.46,19.73,1.15,0.65,0,0,0,0,360
459,P049,Parava (Lactarius lactarius),1,77.19,21.50,1.08,2.74,0,0,0,0,467
460,P050,Parcus (Psettodes erumei),1,79.01,19.87,1.12,0.62,0,0,0,0,361
461,P051,Parrot fish (Scarus ghobban),1,76.84,20.82,1.40,0.57,0,0,0,0,375
462,P052,Perinkilichai (Pinjalo pinjalo),1,78.33,20.89,1.02,0.87,0,0,0,0,387
463,P053,Phopat (Coryphaena hippurus),4,76.42,22.05,1.24,1.33,0,0,0,0,424
464,P054,Piranha (Pygopritis sp.),1,76.15,20.46,0.93,5.43,0,0,0,0,549
465,P055,"Pomfret, black (Parastromateus niger)",1,74.43,18.91,0.97,4.83,0,0,0,0,515
466,P056,"Pomfret, snub nose (Trachinotus blochii)",2,77.81,21.05,1.29,0.46,0,0,0,0,375
467,P057,"Pomfret, white (Pampus argenteus)",2,75.91,19.02,1.01,5.12,0,0,0,0,513
468,P058,Pranel (Gerres sp.),1,79.54,19.69,0.76,1.89,0,0,0,0,405
469,P059,Pulli paarai (Gnathanodon speciosus),1,75.99,20.06,1.19,1.55,0,0,0,0,399
470,P060,Queen fish (Scomberoides commersonianus),3,76.63,20.97,1.22,1.17,0,0,0,0,400
471,P061,Raai fish (Lobotes surinamensis),2,77.14,21.61,1.11,1.69,0,0,0,0,430
472,P062,Raai vanthu (Epinephelus chlorostigma),1,79.95,19.39,0.92,2.17,0,0,0,0,410
473,P063,Rani (Pink perch),1,78.55,18.83,1.01,1.49,0,0,0,0,377
474,P064,"Ray fish, bow head, spotted (Rhina ancylostoma)",1,80.30,19.03,1.15,0.70,0,0,0,0,349
475,P065,Red snapper (Lutjanus argentimaculatus),1,76.28,22.79,1.26,1.34,0,0,0,0,437
476,P066,"Red snapper, small (Priacanthus hamrur)",1,76.31,21.50,1.10,2.30,0,0,0,0,451
477,P067,Sadaya (Platax orbicularis ),1,75.53,20.68,1.32,2.97,0,0,0,0,462
478,P068,Salmon (Salmo salar),1,67.84,20.97,1.13,9.86,0,0,0,0,721
479,P069,Sangada (Nemipterus japonicus),1,78.51,20.26,1.26,2.67,0,0,0,0,443
480,P070,Sankata paarai (Caranx ignobilis),1,74.88,21.87,1.18,1.68,0,0,0,0,434
481,P071,Sardine (Sardinella longiceps),1,72.29,17.91,0.84,8.99,0,0,0,0,637
482,P072,Shark (Carcharhinus sorrah),2,72.82,21.60,1.08,0.83,0,0,0,0,398
483,P073,"Shark, hammer head (Sphyrna mokarran)",1,74.61,23.40,0.92,0.80,0,0,0,0,432
484,P074,"Shark, spotted (Stegostoma fasciatum)",1,78.83,20.95,1.04,0.75,0,0,0,0,384
485,P075,Shelavu (Sphyraena jello),4,74.60,22.46,1.26,1.74,0,0,0,0,446
486,P076,Silan (Silonia silondia),1,70.12,22.72,0.77,6.68,0,0,0,0,633
487,P077,Silk fish (Beryx sp.),1,77.61,20.65,1.05,1.53,0,0,0,0,408
488,P078,Silver carp (Hypophthalmichthys molitrix),1,72.47,21.71,0.95,5.17,0,0,0,0,555
489,P079,Sole fish (Cynoglossus arel),1,80.18,19.05,1.06,1.18,0,0,0,0,367
490,P080,Stingray (Dasyatis pastinaca),1,75.67,23.98,1.14,0.68,0,0,0,0,408
491,P081,Tarlava (Drepane punctata),2,76.76,21.72,1.14,1.20,0,0,0,0,414
492,P082,Tholam (Plectorhinchus schotaf),2,76.20,20.78,1.06,2.13,0,0,0,0,432
493,P083,Tilapia (Oreochromis niloticus),1,79.57,18.48,1.18,1.08,0,0,0,0,349
494,P084,Tuna (Euthynnus affinis),5,72.12,24.50,1.11,1.44,0,0,0,0,470
495,P085,"Tuna, striped (Katsuwonus pelamis)",1,77.76,21.28,0.87,1.12,0,0,0,0,403
496,P086,Valava (Chirocentrus nudus),1,77.25,21.80,1.27,1.06,0,0,0,0,410
497,P087,Vanjaram (Scomberomorus commerson ),2,72.30,22.28,1.33,5.18,0,0,0,0,570
498,P088,Vela meen (Aprion virescens),1,71.82,22.16,1.34,4.34,0,0,0,0,537
499,P089,Vora (Siganus javus),2,76.94,20.14,1.26,2.14,0,0,0,0,422
500,P090,Whale shark (Galeocerdo cuvier),1,77.59,21.83,1.48,0.82,0,0,0,0,401
501,P091,Xiphinis (Xiphias gladius),1,79.22,19.82,1.15,0.88,0,0,0,0,370
502,P092,"Eggs, Cat fish (Ompok bimaculatus)",1,69.34,24.68,1.57,5.28,0,0,0,0,600
503,Q001,Crab (Menippe mercenaria),1,79.77,10.23,1.74,1.41,0,0,0,0,343
504,Q002,"Crab, sea (Portunus sanguinolentus)",1,79.67,15.36,0.92,0.60,0,0,0,0,283
505,Q003,"Lobster, brown (Thenus orientalis)",1,81.48,15.96,1.29,0.56,0,0,0,0,292
506,Q004,"Lobster, king size (Thenus orientalis)",1,77.77,18.54,1.08,0.78,0,0,0,0,375
507,Q005,Mud crab (Scylla tranquebarica),1,83.10,10.00,2.60,0.55,0,0,0,0,190
508,Q006,Oyster (Crassostrea sp.),1,82.50,9.51,2.47,2.44,0,0,0,0,252
509,Q007,"Tiger prawns, brown (Solenocera crassicornis)",1,82.41,14.85,0.94,0.56,0,0,0,0,273
510,Q008,"Tiger Prawns, orange (Penaeus monodon)",1,81.48,14.25,0.83,0.74,0,0,0,0,270
511,R001,"Clam, green shell (Perna viridis)",1,80.07,12.14,2.44,0.98,0,0,0,0,243
512,R002,"Clam, white shell, ribbed (Meretrix meretrix)",1,80.27,11.82,0.85,1.34,0,0,0,0,250
513,R003,Octopus (Octopus vulgaris),1,80.45,14.71,1.21,1.12,0,0,0,0,334
514,R004,"Squid, black (Loligo sp.)",1,80.59,16.10,0.99,1.07,0,0,0,0,335
515,R005,"Squid, hard shell (Sepia pharaonis)",1,80.52,16.82,0.75,0.93,0,0,0,0,320
516,R006,"Squid, red (Loligo duvauceli)",2,80.85,16.25,1.15,1.44,0,0,0,0,329
517,R007,"Squid, white, small (Uroteuthis duvauceli )",1,79.38,17.41,1.19,1.15,0,0,0,0,353
518,S001,Cat fish (Tandanus tandanus),2,77.23,15.86,0.93,6.24,0,0,0,0,518
519,S002,Catla (Catla catla),6,78.43,17.94,0.94,2.15,0,0,0,0,394
520,S003,Freshwater Eel (Anguilla anguilla),1,75.57,20.41,1.03,2.63,0,0,0,0,451
521,S004,Gold fish (Carassius auratus),2,79.07,16.91,1.10,2.94,0,0,0,0,396
522,S005,Pangas (Pangasianodon hypophthalmus),6,68.50,17.12,1.12,16.77,0,0,0,0,852
523,S006,Rohu (Labeo rohita),6,76.34,19.71,1.28,2.39,0,0,0,0,428
524,S007,Crab (Pachygrapsus sp.),1,80.58,13.23,1.23,0.89,0,0,0,0,327
525,S008,"Prawns, big (Macrobrachium rosenbergii)",1,77.43,19.24,0.84,0.52,0,0,0,0,380
526,S009,"Prawns, small (Macrobrachium sp.)",3,82.58,13.07,0.86,0.78,0,0,0,0,297
527,S010,Tiger prawns (Macrobrachium sp.),2,83.24,14.24,0.83,0.66,0,0,0,0,284